,Id,redcap_repeat_instrument,redcap_repeat_instance,BIRTHDATE,DEATHDATE,ssn_patient,drivers_patient,passport_patient,prefix_patient,first_patient,last_patient,suffix_patient,maiden_patient,marital_patient,race_patient,ethnicity_patient,GENDER,birthplace_patient,address_patient,city_patient,state_patient,fips_patient,county_patient,zip_patient,lat_patient,lon_patient,healthcare_expenses_patient,healthcare_coverage_patient,income_patient,patients_complete,start_medication,stop_medication,payer_medication,encounter_medication,code_medication,description_medication,base_cost_medication,payer_coverage_medication,dispenses_medication,totalcost_medication,reasoncode_medication,reasondescription_medication,medications_complete,start_condition,stop_condition,encounter_condition,code_condition,description_condition,conditions_complete,PATIENT,Medication,DESCRIPTION_condition,START_condition,earliest_medication_starttime,Status,start_time,end_time,Time,Age_cancer
0,0dbd5054-38f2-ca4a-3222-1231810defa2,,,2007-03-24,2009-08-14,999-45-4667,,,,Eloisa55,Johns824,,,,white,nonhispanic,F,Concord  Massachusetts  US,823 Howell Lodge Apt 59,Brockton,Massachusetts,25023.0,Plymouth County,2351.0,42.0780853,-70.97994327,11280.9,71954.1,71410.0,0.0,,,,,,,,,,,,,,,,,,,,0dbd5054-38f2-ca4a-3222-1231810defa2,100 ml epirubicin hydrochloride 2 mg/ml injection,Malignant neoplasm of breast (disorder),2008-09-17,2008-09-28,1,2008-09-28,2009-08-14,320,1.0
1,3fd52c98-62e8-019b-db8c-dfa56cae06eb,,,1947-05-31,,999-50-6469,S99922724,X7451587X,Mrs.,Joi660,Bauch723,,O'Hara248,1.0,black,nonhispanic,F,Franklin  Massachusetts  US,908 Klocko Corner,Bourne,Massachusetts,25001.0,Barnstable County,2532.0,41.68504516,-70.57818811,88900.04,2011248.53,122305.0,0.0,,,,,,,,,,,,,,,,,,,,3fd52c98-62e8-019b-db8c-dfa56cae06eb,100 ml epirubicin hydrochloride 2 mg/ml injection,Malignant neoplasm of breast (disorder),2012-06-11,2012-12-11,0,2012-12-11,2023-01-21,3693,65.0
2,7fe0a247-811b-fc51-4e15-ce39e06c2394,,,1962-11-28,,999-45-1667,S99923261,X37257575X,Mrs.,Alica364,Harvey63,,Kling921,1.0,white,nonhispanic,F,Boston  Massachusetts  US,919 Jakubowski Dale Unit 67,Deerfield,Massachusetts,25011.0,Franklin County,1342.0,42.52037509,-72.60283155,51758.95,1034079.46,91382.0,0.0,,,,,,,,,,,,,,,,,,,,7fe0a247-811b-fc51-4e15-ce39e06c2394,paclitaxel 100 mg injection,Malignant neoplasm of breast (disorder),2020-10-07,2020-10-20,0,2020-10-20,2023-01-21,823,58.0
3,9a87803d-2a1b-db4c-979a-816bf219c458,,,1960-06-04,2007-02-23,999-99-8123,S99956660,X28678565X,Ms.,Deb577,Littel644,,,2.0,white,nonhispanic,F,Tyngsborough  Massachusetts  US,711 Breitenberg Bridge,Westborough,Massachusetts,25027.0,Worcester County,1581.0,42.24242192,-71.61831216,58872.58,1385925.64,122486.0,0.0,,,,,,,,,,,,,,,,,,,,9a87803d-2a1b-db4c-979a-816bf219c458,paclitaxel 100 mg injection,Malignant neoplasm of breast (disorder),2004-08-09,2005-02-08,1,2005-02-08,2007-02-23,745,44.0
4,9e9047d5-4f5e-dbc8-2dae-b2b43a6246ae,,,1968-09-15,,999-70-4718,S99918240,X75922113X,Mrs.,Marianela210,Hayes766,,Cruickshank494,1.0,black,nonhispanic,F,Framingham  Massachusetts  US,189 Reichel Promenade Unit 18,Hamilton,Massachusetts,,Essex County,0.0,42.65980086,-70.90229726,254135.79,24525.8,61.0,0.0,,,,,,,,,,,,,,,,,,,,9e9047d5-4f5e-dbc8-2dae-b2b43a6246ae,paclitaxel 100 mg injection,Malignant neoplasm of breast (disorder),2020-10-17,2020-10-27,0,2020-10-27,2023-01-21,816,52.0
5,24a00ffd-375f-056a-7e02-d8ddc6ff2de4,,,1943-08-19,2015-06-20,999-79-9924,S99976437,X68668287X,Mrs.,Katina266,Jenkins714,,Moore224,1.0,white,nonhispanic,F,Easton  Massachusetts  US,834 Tromp Port Suite 19,Framingham,Massachusetts,25017.0,Middlesex County,1702.0,42.35343351,-71.43149379,80998.42,1155945.27,82114.0,0.0,,,,,,,,,,,,,,,,,,,,24a00ffd-375f-056a-7e02-d8ddc6ff2de4,paclitaxel 100 mg injection,Malignant neoplasm of breast (disorder),2010-06-26,2010-07-10,1,2010-07-10,2015-06-20,1806,67.0
6,39df748d-1ead-461d-5ed5-54fa622396f1,,,1954-01-19,,999-18-1667,S99978527,X88547310X,Mrs.,Tameika522,Braun514,,Herzog843,1.0,white,nonhispanic,F,Falmouth  Massachusetts  US,417 Weber Annex,Waltham,Massachusetts,25017.0,Middlesex County,2452.0,42.38921392,-71.2314808,328942.37,251781.18,22441.0,0.0,,,,,,,,,,,,,,,,,,,,39df748d-1ead-461d-5ed5-54fa622396f1,paclitaxel 100 mg injection,Malignant neoplasm of breast (disorder),2014-08-19,2014-08-30,0,2014-08-30,2023-01-21,3066,61.0
7,71d99b97-f1ff-579f-a626-619ad77fda13,,,1955-09-26,2008-02-24,999-42-8406,S99956554,X29581946X,Mrs.,Dierdre747,Dooley940,,Treutel973,1.0,white,nonhispanic,F,Holden  Massachusetts  US,320 Treutel Fort,Natick,Massachusetts,,Middlesex County,0.0,42.28875474,-71.33329143,99121.25,1792048.9,64915.0,0.0,,,,,,,,,,,,,,,,,,,,71d99b97-f1ff-579f-a626-619ad77fda13,paclitaxel 100 mg injection,Malignant neoplasm of breast (disorder),1999-03-15,1999-03-21,1,1999-03-21,2008-02-24,3262,43.0
8,86abebe8-0e13-ebe4-99e1-e91918d8f5a7,,,1978-07-18,1991-03-12,999-48-5888,,,,Henrietta324,Sporer811,,,,other,nonhispanic,F,Yarmouth  Massachusetts  US,241 Franecki Vista Suite 16,Boston,Massachusetts,25025.0,Suffolk County,2126.0,42.21218726,-71.15961134,14963.24,13349.48,124039.0,0.0,,,,,,,,,,,,,,,,,,,,86abebe8-0e13-ebe4-99e1-e91918d8f5a7,paclitaxel 100 mg injection,Malignant neoplasm of breast (disorder),1991-01-13,1991-01-23,1,1991-01-23,1991-03-12,48,12.0
9,483ae6d2-0ae6-e8ec-4eed-5ce2a4a64143,,,1958-11-05,2020-01-21,999-15-4707,S99956802,X89710695X,Ms.,Novella551,Weimann465,,,2.0,white,hispanic,F,Brockton  Massachusetts  US,384 Murray Parade Unit 0,Worcester,Massachusetts,25027.0,Worcester County,1608.0,42.2737898,-71.79899706,70009.84,743037.85,71277.0,0.0,,,,,,,,,,,,,,,,,,,,483ae6d2-0ae6-e8ec-4eed-5ce2a4a64143,paclitaxel 100 mg injection,Malignant neoplasm of breast (disorder),2016-08-09,2016-08-20,1,2016-08-20,2020-01-21,1249,58.0
10,891c8475-0b92-2b98-bc69-32ae5e069821,,,1972-07-26,,999-97-5529,S99977669,X70132677X,Mrs.,Katherine209,Kuhic920,,Wolff180,1.0,white,nonhispanic,F,Cambridge  Massachusetts  US,549 Von Esplanade Suite 54,Chicopee,Massachusetts,25013.0,Hampden County,1020.0,42.19208891,-72.54821983,70347.0,2016721.63,58155.0,0.0,,,,,,,,,,,,,,,,,,,,891c8475-0b92-2b98-bc69-32ae5e069821,paclitaxel 100 mg injection,Malignant neoplasm of breast (disorder),2013-04-18,2013-11-07,0,2013-11-07,2023-01-21,3362,41.0
11,0983c162-60e8-ef34-712c-045875c66164,,,1968-05-06,1974-05-05,999-39-8131,,,,Madelaine318,Crooks415,,,,white,nonhispanic,F,Boston  Massachusetts  US,1089 Herman Bridge Apt 27,Wilbraham,Massachusetts,25013.0,Hampden County,1095.0,42.07864226,-72.42586446,4270.0,138382.12,11234.0,0.0,,,,,,,,,,,,,,,,,,,,0983c162-60e8-ef34-712c-045875c66164,paclitaxel 100 mg injection,Malignant neoplasm of breast (disorder),1973-03-31,1973-04-10,1,1973-04-10,1974-05-05,390,5.0
12,1307daef-336c-05c5-3830-f6a5388da4ee,,,1939-08-18,,999-19-1039,S99927369,X24164835X,Mrs.,Bobbi508,Dickens475,,Hermann103,1.0,white,nonhispanic,F,Springfield  Massachusetts  US,564 Leannon Well Unit 1,New Bedford,Massachusetts,25005.0,Bristol County,2747.0,41.68531173,-70.92053988,1001689.41,138556.01,45454.0,0.0,,,,,,,,,,,,,,,,,,,,1307daef-336c-05c5-3830-f6a5388da4ee,paclitaxel 100 mg injection,Malignant neoplasm of breast (disorder),2012-07-26,2012-12-21,0,2012-12-21,2023-01-21,3683,73.0
13,acccfe10-ecb0-7409-e8dc-8a75437fd033,,,1952-03-18,2011-12-02,999-23-5041,S99923514,X63114346X,Mrs.,Diana207,Collado928,,Maga√±a874,1.0,white,hispanic,F,Bayamon  Puerto Rico  PR,423 Bernhard Street,Boston,Massachusetts,25025.0,Suffolk County,2135.0,42.33515543,-71.04158764,1377225.01,397981.72,52849.0,0.0,,,,,,,,,,,,,,,,,,,,acccfe10-ecb0-7409-e8dc-8a75437fd033,100 ml epirubicin hydrochloride 2 mg/ml injection,Malignant neoplasm of breast (disorder),2011-01-22,2011-01-28,1,2011-01-28,2011-12-02,308,59.0
14,b00507bb-29dd-7d6b-8591-614b11032cad,,,1953-10-16,2015-05-01,999-51-6786,S99972139,X76329421X,Mrs.,Lien262,Metz686,,Gaylord332,1.0,white,nonhispanic,F,North Attleborough  Massachusetts  US,472 Pagac Harbor Apt 47,Lynn,Massachusetts,25009.0,Essex County,1907.0,42.47237426,-70.9394688,138307.8,295220.45,25068.0,0.0,,,,,,,,,,,,,,,,,,,,b00507bb-29dd-7d6b-8591-614b11032cad,100 ml epirubicin hydrochloride 2 mg/ml injection,Malignant neoplasm of breast (disorder),2013-12-07,2014-06-05,1,2014-06-05,2015-05-01,330,60.0
15,b526681b-ad04-f136-887c-f8ad4b37b288,,,1979-05-28,,999-77-4865,S99916768,X13747857X,Mrs.,Georgette866,Frami345,,White193,1.0,white,nonhispanic,F,Pembroke  Massachusetts  US,370 Dach Heights Suite 11,Attleboro,Massachusetts,25005.0,Bristol County,2703.0,41.86126827,-71.40082604,413445.41,499091.06,39434.0,0.0,,,,,,,,,,,,,,,,,,,,b526681b-ad04-f136-887c-f8ad4b37b288,100 ml epirubicin hydrochloride 2 mg/ml injection,Malignant neoplasm of breast (disorder),2021-07-17,2021-08-08,0,2021-08-08,2023-01-21,531,42.0
16,b974042c-5140-fb7e-8ac3-ddd62d8bd801,,,1953-02-02,2022-05-24,999-38-6373,S99964817,X37641232X,Mr.,Dick869,Wiza601,,,2.0,white,nonhispanic,M,Ipswich  Massachusetts  US,449 Parker Trail Unit 75,Boston,Massachusetts,25017.0,Suffolk County,2467.0,42.27696086,-71.05598281,62682.89,1198188.74,108233.0,0.0,,,,,,,,,,,,,,,,,,,,b974042c-5140-fb7e-8ac3-ddd62d8bd801,paclitaxel 100 mg injection,Malignant neoplasm of breast (disorder),2013-10-10,2013-10-23,1,2013-10-23,2022-05-24,3135,61.0
17,d3ceaa3a-c4f1-3df6-0e59-bcca63ec91eb,,,1914-06-21,2000-04-29,999-87-1961,S99987049,X50787067X,Mrs.,Shaunna800,Breitenberg711,,Pollich983,1.0,white,nonhispanic,F,Cambridge  Massachusetts  US,418 Herman Mews Apt 20,West Yarmouth,Massachusetts,25001.0,Barnstable County,2673.0,41.63543062,-70.21246446,848502.97,666304.64,25362.0,0.0,,,,,,,,,,,,,,,,,,,,d3ceaa3a-c4f1-3df6-0e59-bcca63ec91eb,paclitaxel 100 mg injection,Malignant neoplasm of breast (disorder),1999-04-27,1999-05-06,1,1999-05-06,2000-04-29,359,85.0
18,d32d4e9e-ce00-b848-9977-80ab604ca582,,,1972-07-01,,999-96-9870,S99972212,X58593278X,Mrs.,Glinda951,Crist667,,Miller503,1.0,white,nonhispanic,F,Boston  Massachusetts  US,766 Feest Branch Suite 75,Somerville,Massachusetts,25017.0,Middlesex County,2155.0,42.37223719,-71.18268735,81944.79,2242416.3,66944.0,0.0,,,,,,,,,,,,,,,,,,,,d32d4e9e-ce00-b848-9977-80ab604ca582,paclitaxel 100 mg injection,Malignant neoplasm of breast (disorder),2016-10-29,2016-11-12,0,2016-11-12,2023-01-21,2261,44.0
19,e74567d2-8e16-eeb0-b297-3ac0f9f5319b,,,1952-10-28,2005-05-01,999-95-8599,S99983329,X38912471X,Mrs.,Otelia900,Hettinger594,,Kuhlman484,1.0,white,nonhispanic,F,Agawam  Massachusetts  US,484 Gottlieb Hollow Suite 86,Springfield,Massachusetts,25013.0,Hampden County,1199.0,42.15583397,-72.58243633,13008.14,790255.14,10927.0,0.0,,,,,,,,,,,,,,,,,,,,e74567d2-8e16-eeb0-b297-3ac0f9f5319b,100 ml epirubicin hydrochloride 2 mg/ml injection,Malignant neoplasm of breast (disorder),2004-08-13,2004-08-21,1,2004-08-21,2005-05-01,253,52.0
20,Added,,,,,,,,,,,,,,,,,,,,,,,,,,,,,,,,,,,,,,,,,,,,,,,,,,100 ml epirubicin hydrochloride 2 mg/ml injection,,,,0,,,0,
21,Added,,,,,,,,,,,,,,,,,,,,,,,,,,,,,,,,,,,,,,,,,,,,,,,,,,paclitaxel 100 mg injection,,,,0,,,0,
